avg_long_ret_4h,avg_short_ret_4h,avg_combo_ret_4h,avg_long_hit_rate,avg_short_hit_rate
0.009654831925475971,-0.0003139906445126513,0.004670420640481659,0.3,0.27777777777777773
