avg_long_ret_4h,avg_short_ret_4h,avg_combo_ret_4h,avg_long_hit_rate,avg_short_hit_rate
0.01949728745144894,0.03212194641801596,0.02580961693473245,0.3,0.38888888888888884
